{
   "site": [
    {
      "nomSite": "Bastions",
      "siteUpperCase": "BASTIONS",
      "batiment": [
        {
          "nomBatiment": "Uni Bastion",
          "nomBatimentUpperCase": "UNI BASTION",
          "geographicAddress": "Rue de Candolle 5",
          "geographicLocality": "1205 Genève",
          "descritptionBatiment": "Le bâtiment central de l'Uni Bastions abrite la Faculté des lettres, la Faculté de théologie et l'Institut d'histoire de la réformation. De nombreuses salles de cours et bureaux, cafétéria et bibliothèques sont à votre disposition."
        },
        {
          "nomBatiment": "L'Aile Jura",
          "nomBatimentUpperCase": "AILE JURA",
          "geographicAddress": "Rue de Candolle 5",
          "geographicLocality": "1205 Genève",
          "descritptionBatiment": "L'Aile Jura de l'Uni Bastions abrite principalement la Faculté des lettres, et la Faculté de théologie. De nombreuses bibliothèques et salles de séminaires / cours sont à votre disposition ainsi que le décanat de la Faculté : consulter le site de la Faculté des lettres pour plus d'informations."
        },
        {
          "nomBatiment": "Les Philosophes",
          "nomBatimentUpperCase": "PHILOSOPHES",
          "geographicAddress": "Bd des Philosophes 22",
          "geographicLocality": "1205 Genève",
          "descritptionBatiment": "Le bâtiment des Philosophes abrite le Département d'études est-asiatiques et le Département des langues et littératures méditerranéennes, slaves et orientales de la Faculté des lettres."
        },
        {
          "nomBatiment": "Saint-Ours",
          "nomBatimentUpperCase": "SAINT-OURS",
          "geographicAddress": "Rue de Saint-Ours 5",
          "geographicLocality": "1205 Genève",
          "descritptionBatiment": "Le bâtiment Saint-Ours abrite le Département d'histoire générale et le Département des langues et littératures romanes de la Faculté des lettres ainsi que la Faculté de théologie protestante."
        },
        {
          "nomBatiment": "La Comédie",
          "nomBatimentUpperCase": "COMEDIE",
          "geographicAddress": "Bd des Philosophes 10-12",
          "geographicLocality": "1205 Genève",
          "descritptionBatiment": "Le bâtiment La Comédie abrite le Département langue et littérature anglaise et le Département de langue et littérature allemande de la Faculté des lettres."
        },
        {
          "nomBatiment": "Landolt",
          "nomBatimentUpperCase": "LANDOLT",
          "geographicAddress": "Rue de Candolle 2",
          "geographicLocality": "1205 Genève",
          "descritptionBatiment": "Le bâtiment Landolt abrite le Département de linguistique, le Département des sciences de l'Antiquité et le Département de philosophie de la Faculté des lettres, l'Uni 3 et la formation continue."
        },
        {
          "nomBatiment": "Mirabeau",
          "nomBatimentUpperCase": "MIRABEAU",
          "geographicAddress": "Rue de Candolle 4",
          "geographicLocality": "1205 Genève",
          "descritptionBatiment": "Le bâtiment Mirabeau, à vocation administrative, abrîte principalement le Pôle sport et culture et l'Uni-emploi."
        },
        {
          "nomBatiment": "Candolle 18",
          "nomBatimentUpperCase": "CANDOLLE 18",
          "geographicAddress": "Rue de Candolle 18",
          "geographicLocality": "1205 Genève",
          "descritptionBatiment": "Le bâtiment Candolle 18 abrîte l'atelier de montages de films du Pôle sport et culture."
        }
      ]
    },
    {
      "nomSite": "Battelle",
      "siteUpperCase": "BATTELLE",
      "batiment": [
        {
          "nomBatiment": "Battelle Bâtiment A",
          "nomBatimentUpperCase": "BATTELLE BATIMENT A",
          "geographicAddress": "Route de Drize 9",
          "geographicLocality": "1227 Carouge",
          "descritptionBatiment": "Le bâtiment de Battelle A abrite le Cente universitaire d'informatique et les Centres interfacultaires. ",
          "etageBatiment": [
            {
              "nomEtage": "Rez-de-chaussée",
              "salles": [
                {
                  "nomDeSalle": "RdC",
                  "nomDeSalleUpperCase": "BAT RDC",
                  "typeDeSalle": "Salle de cours",
                  "TagSalle": "b1"
                },
                {
                  "nomDeSalle": "bibliothèque du CUI",
                  "nomDeSalleUpperCase": "BIBLIOTHEQUE CUI",
                  "typeDeSalle": "bibliothèque",
                  "TagSalle": "b3"
                }
              ]
            },
            {
              "nomEtage": "1er étage",
              "salles": [
                {
                  "nomDeSalle": "201",
                  "nomDeSalleUpperCase": "201",
                  "typeDeSalle": "Bureau",
                  "TagSalle": "b6"
                },
                {
                  "nomDeSalle": "202",
                  "nomDeSalleUpperCase": "202",
                  "typeDeSalle": "Bureau",
                  "TagSalle": "b6"
                },
                {
                  "nomDeSalle": "203",
                  "nomDeSalleUpperCase": "203",
                  "typeDeSalle": "Bureau",
                  "TagSalle": "b6"
                },
                {
                  "nomDeSalle": "204",
                  "nomDeSalleUpperCase": "204",
                  "typeDeSalle": "Bureau",
                  "TagSalle": "b6"
                },
                {
                  "nomDeSalle": "205",
                  "nomDeSalleUpperCase": "205",
                  "typeDeSalle": "Bureau",
                  "TagSalle": "b6"
                },
                {
                  "nomDeSalle": "206",
                  "nomDeSalleUpperCase": "206",
                  "typeDeSalle": "Bureau",
                  "TagSalle": "b6"
                },
                {
                  "nomDeSalle": "207",
                  "nomDeSalleUpperCase": "207",
                  "typeDeSalle": "Bureau",
                  "TagSalle": "b6"
                },
                {
                  "nomDeSalle": "210",
                  "nomDeSalleUpperCase": "210",
                  "typeDeSalle": "Bureau",
                  "TagSalle": "b5"
                },
                {
                  "nomDeSalle": "211",
                  "nomDeSalleUpperCase": "211",
                  "typeDeSalle": "Bureau",
                  "TagSalle": "b5"
                },
                {
                  "nomDeSalle": "212",
                  "nomDeSalleUpperCase": "212",
                  "typeDeSalle": "Bureau",
                  "TagSalle": "b5"
                },
                {
                  "nomDeSalle": "213",
                  "nomDeSalleUpperCase": "213",
                  "typeDeSalle": "Bureau",
                  "TagSalle": "b5"
                },
                {
                  "nomDeSalle": "214",
                  "nomDeSalleUpperCase": "214",
                  "typeDeSalle": "Bureau",
                  "TagSalle": "b5"
                },
                {
                  "nomDeSalle": "215",
                  "nomDeSalleUpperCase": "215",
                  "typeDeSalle": "Bureau",
                  "TagSalle": "b5"
                },
                {
                  "nomDeSalle": "216",
                  "nomDeSalleUpperCase": "216",
                  "typeDeSalle": "Bureau",
                  "TagSalle": "b5"
                },
                {
                  "nomDeSalle": "217",
                  "nomDeSalleUpperCase": "217",
                  "typeDeSalle": "Bureau",
                  "TagSalle": "b5"
                },
                {
                  "nomDeSalle": "218",
                  "nomDeSalleUpperCase": "218",
                  "typeDeSalle": "Bureau",
                  "TagSalle": "b5"
                },
                {
                  "nomDeSalle": "219",
                  "nomDeSalleUpperCase": "219",
                  "typeDeSalle": "Bureau",
                  "TagSalle": "b5"
                },
                {
                  "nomDeSalle": "220",
                  "nomDeSalleUpperCase": "220",
                  "typeDeSalle": "Bureau",
                  "TagSalle": "b5"
                },
                {
                  "nomDeSalle": "221",
                  "nomDeSalleUpperCase": "221",
                  "typeDeSalle": "Bureau",
                  "TagSalle": "b5"
                },
                {
                  "nomDeSalle": "222",
                  "nomDeSalleUpperCase": "222",
                  "typeDeSalle": "Bureau",
                  "TagSalle": "b5"
                },
                {
                  "nomDeSalle": "223",
                  "nomDeSalleUpperCase": "223",
                  "typeDeSalle": "Bureau",
                  "TagSalle": "b5"
                },
                {
                  "nomDeSalle": "224",
                  "nomDeSalleUpperCase": "224",
                  "typeDeSalle": "Bureau",
                  "TagSalle": "b5"
                },
                {
                  "nomDeSalle": "225",
                  "nomDeSalleUpperCase": "225",
                  "typeDeSalle": "Bureau",
                  "TagSalle": "b5"
                },
                {
                  "nomDeSalle": "226",
                  "nomDeSalleUpperCase": "226",
                  "typeDeSalle": "Bureau"
                },
                {
                  "nomDeSalle": "227",
                  "nomDeSalleUpperCase": "227",
                  "typeDeSalle": "Bureau",
                  "TagSalle": "b5"
                },
                {
                  "nomDeSalle": "230",
                  "nomDeSalleUpperCase": "230",
                  "typeDeSalle": "Bureau",
                  "TagSalle": "b6"
                },
                {
                  "nomDeSalle": "231",
                  "nomDeSalleUpperCase": "231",
                  "typeDeSalle": "Bureau",
                  "TagSalle": "b6"
                },
                {
                  "nomDeSalle": "232",
                  "nomDeSalleUpperCase": "232",
                  "typeDeSalle": "Bureau",
                  "TagSalle": "b6"
                },
                {
                  "nomDeSalle": "233",
                  "nomDeSalleUpperCase": "233",
                  "typeDeSalle": "Bureau",
                  "TagSalle": "b6"
                },
                {
                  "nomDeSalle": "234",
                  "nomDeSalleUpperCase": "234",
                  "typeDeSalle": "Bureau",
                  "TagSalle": "b6"
                },
                {
                  "nomDeSalle": "235",
                  "nomDeSalleUpperCase": "235",
                  "typeDeSalle": "Bureau",
                  "TagSalle": "b6"
                },
                {
                  "nomDeSalle": "236",
                  "nomDeSalleUpperCase": "236",
                  "typeDeSalle": "Bureau",
                  "TagSalle": "b6"
                }
              ]
            },
            {
              "nomEtage": "2eme étage",
              "salles": [
                {
                  "nomDeSalle": "Bat 301-302",
                  "nomDeSalleUpperCase": "BAT 301-302",
                  "typeDeSalle": "Salle de cours",
                  "TagSalle": "b9"
                },
                {
                  "nomDeSalle": "303",
                  "nomDeSalleUpperCase": "303",
                  "typeDeSalle": "Bureau",
                  "TagSalle": "b9"
                },
                {
                  "nomDeSalle": "304",
                  "nomDeSalleUpperCase": "304",
                  "typeDeSalle": "Bureau",
                  "TagSalle": "b9"
                },
                {
                  "nomDeSalle": "305",
                  "nomDeSalleUpperCase": "305",
                  "typeDeSalle": "Bureau",
                  "TagSalle": "b9"
                },
                {
                  "nomDeSalle": "306",
                  "nomDeSalleUpperCase": "306",
                  "typeDeSalle": "Secrétariat",
                  "TagSalle": "b9"
                },
                {
                  "nomDeSalle": "307",
                  "nomDeSalleUpperCase": "307",
                  "typeDeSalle": "Bureau",
                  "TagSalle": "b9"
                },
                {
                  "nomDeSalle": "310-311",
                  "nomDeSalleUpperCase": "310-311",
                  "typeDeSalle": "Bureau",
                  "TagSalle": "b8"
                },
                {
                  "nomDeSalle": "312-313",
                  "nomDeSalleUpperCase": "312-313",
                  "typeDeSalle": "Bureau",
                  "TagSalle": "b8"
                },
                {
                  "nomDeSalle": "314-315",
                  "nomDeSalleUpperCase": "314-315",
                  "typeDeSalle": "Salle de travail",
                  "TagSalle": "b8"
                },
                {
                  "nomDeSalle": "Bat 316-318",
                  "nomDeSalleUpperCase": "316-317-318",
                  "typeDeSalle": "Salle de cours",
                  "TagSalle": "b8"
                },
                {
                  "nomDeSalle": "Bat 319-321",
                  "nomDeSalleUpperCase": "319-320-321",
                  "typeDeSalle": "Salle de cours",
                  "TagSalle": "b8"
                },
                {
                  "nomDeSalle": "322-323",
                  "nomDeSalleUpperCase": "322-323",
                  "typeDeSalle": "Salle de travail",
                  "TagSalle": "b8"
                },
                {
                  "nomDeSalle": "324-325",
                  "nomDeSalleUpperCase": "324-325",
                  "typeDeSalle": "Bureau",
                  "TagSalle": "b8"
                },
                {
                  "nomDeSalle": "326-327",
                  "nomDeSalleUpperCase": "327-328",
                  "typeDeSalle": "Bureau",
                  "TagSalle": "b8"
                },
                {
                  "nomDeSalle": "330",
                  "nomDeSalleUpperCase": "330",
                  "typeDeSalle": "Bureau",
                  "TagSalle": "b9"
                },
                {
                  "nomDeSalle": "331",
                  "nomDeSalleUpperCase": "331",
                  "typeDeSalle": "Bureau",
                  "TagSalle": "b9"
                },
                {
                  "nomDeSalle": "332",
                  "nomDeSalleUpperCase": "332",
                  "typeDeSalle": "Bureau",
                  "TagSalle": "b9"
                },
                {
                  "nomDeSalle": "333",
                  "nomDeSalleUpperCase": "333",
                  "typeDeSalle": "Bureau",
                  "TagSalle": "b9"
                },
                {
                  "nomDeSalle": "334",
                  "nomDeSalleUpperCase": "334",
                  "typeDeSalle": "Bureau",
                  "TagSalle": "b9"
                },
                {
                  "nomDeSalle": "335",
                  "nomDeSalleUpperCase": "335",
                  "typeDeSalle": "Bureau",
                  "TagSalle": "b9"
                },
                {
                  "nomDeSalle": "336",
                  "nomDeSalleUpperCase": "336",
                  "typeDeSalle": "Bureau",
                  "TagSalle": "b9"
                }
              ]
            },
            {
              "nomEtage": "3eme étage",
              "salles": [
                {
                  "nomDeSalle": "401-403",
                  "nomDeSalleUpperCase": "401-402-403",
                  "typeDeSalle": "Bureau",
                  "TagSalle": "b12"
                },
                {
                  "nomDeSalle": "404-407",
                  "nomDeSalleUpperCase": "404-405-406-407",
                  "typeDeSalle": "Salle de cours",
                  "TagSalle": "b12"
                },
                {
                  "nomDeSalle": "410",
                  "nomDeSalleUpperCase": "410",
                  "typeDeSalle": "Bureau",
                  "TagSalle": "b11"
                },
                {
                  "nomDeSalle": "411",
                  "nomDeSalleUpperCase": "411",
                  "typeDeSalle": "Bureau",
                  "TagSalle": "b11"
                },
                {
                  "nomDeSalle": "412",
                  "nomDeSalleUpperCase": "412",
                  "typeDeSalle": "Bureau",
                  "TagSalle": "b11"
                },
                {
                  "nomDeSalle": "413",
                  "nomDeSalleUpperCase": "413",
                  "typeDeSalle": "Bureau",
                  "TagSalle": "b11"
                },
                {
                  "nomDeSalle": "414",
                  "nomDeSalleUpperCase": "414",
                  "typeDeSalle": "Bureau",
                  "TagSalle": "b11"
                },
                {
                  "nomDeSalle": "415",
                  "nomDeSalleUpperCase": "415",
                  "typeDeSalle": "Bureau",
                  "TagSalle": "b11"
                },
                {
                  "nomDeSalle": "416",
                  "nomDeSalleUpperCase": "416",
                  "typeDeSalle": "Bureau",
                  "TagSalle": "b11"
                },
                {
                  "nomDeSalle": "417",
                  "nomDeSalleUpperCase": "417",
                  "typeDeSalle": "Bureau",
                  "TagSalle": "b11"
                },
                {
                  "nomDeSalle": "418",
                  "nomDeSalleUpperCase": "418",
                  "typeDeSalle": "Bureau",
                  "TagSalle": "b11"
                },
                {
                  "nomDeSalle": "419",
                  "nomDeSalleUpperCase": "419",
                  "typeDeSalle": "Bureau",
                  "TagSalle": "b11"
                },
                {
                  "nomDeSalle": "420",
                  "nomDeSalleUpperCase": "420",
                  "typeDeSalle": "Bureau",
                  "TagSalle": "b11"
                },
                {
                  "nomDeSalle": "421-422",
                  "nomDeSalleUpperCase": "421-422",
                  "typeDeSalle": "Bureau",
                  "TagSalle": "b11"
                },
                {
                  "nomDeSalle": "423",
                  "nomDeSalleUpperCase": "423",
                  "typeDeSalle": "Bureau",
                  "TagSalle": "b11"
                },
                {
                  "nomDeSalle": "424",
                  "nomDeSalleUpperCase": "424",
                  "typeDeSalle": "Bureau",
                  "TagSalle": "b11"
                },
                {
                  "nomDeSalle": "425-427",
                  "nomDeSalleUpperCase": "425-426-427",
                  "typeDeSalle": "Bureau",
                  "TagSalle": "b11"
                },
                {
                  "nomDeSalle": "430",
                  "nomDeSalleUpperCase": "430",
                  "typeDeSalle": "Bureau",
                  "TagSalle": "b12"
                },
                {
                  "nomDeSalle": "431",
                  "nomDeSalleUpperCase": "431",
                  "typeDeSalle": "Bureau",
                  "TagSalle": "b12"
                },
                {
                  "nomDeSalle": "432-433",
                  "nomDeSalleUpperCase": "432-433",
                  "typeDeSalle": "Salle de cours",
                  "TagSalle": "b12"
                },
                {
                  "nomDeSalle": "434-436",
                  "nomDeSalleUpperCase": "434-435-436",
                  "typeDeSalle": "Bureau",
                  "TagSalle": "b12"
                }
              ]
            }
          ]
        },
        {
          "nomBatiment": "Bâtiment D",
          "nomBatimentUpperCase": "UNI BATTELLE BATIMENT D",
          "geographicAddress": "Route de Drize 9",
          "geographicLocality": "1227 Carouge",
          "descritptionBatiment": "Le bâtiment de Battelle D abrite les Centres interfactulaires et l'Institut de sciences environnementales. "
        },
        {
          "nomBatiment": "La villa",
          "nomBatimentUpperCase": "LA VILLA",
          "geographicAddress": "Route de Drize 9",
          "geographicLocality": "1227 Carouge",
          "descritptionBatiment": "Le bâtiment de la Vila Battelle abrite la section de mathématiques de la Faculté des sciences. "
        },
        {
          "nomBatiment": "Pinchat",
          "nomBatimentUpperCase": "PINCHAT",
          "geographicAddress": "Chemin de Pinchat 22",
          "geographicLocality": "1227 Carouge",
          "descritptionBatiment": "Le bâtiment de Pinchat abrite la section de physique de la Faculté des sciences. "
        }
      ]
    },
    {
      "nomSite": "CMU",
      "siteUpperCase": "CMU",
      "batiment": [
        {
          "nomBatiment": "Le CMU",
          "nomBatimentUpperCase": "CMU",
          "geographicAddress": "Rue Michel-Servet 1",
          "geographicLocality": "1206 Genève",
          "descritptionBatiment": "Le bâtiment du Centre Médical Universitaire abrite la section médecine fondamentale et la section médecine clinique de la Faculté de médecine. La cafétéria et la bibliothèque sont à votre disposition. "
        },
        {
          "nomBatiment": "La Villa Thury",
          "nomBatimentUpperCase": "VILLA THURY",
          "geographicAddress": "Chemin Thury 8",
          "geographicLocality": "1206 Genève",
          "descritptionBatiment": "La Villa Thury abrite le décanat et l'administration de la Faculté de médecine."
        },
        {
          "nomBatiment": "La Tulipe",
          "nomBatimentUpperCase": "LA TULIPE",
          "geographicAddress": "Avenue de la Roseraie 64",
          "geographicLocality": "1206 Genève",
          "descritptionBatiment": "Le bâtiment de la Tulipe abrite la fondation de recherche médicale de la Faculté de médecine."
        },
        {
          "nomBatiment": "Le SMD (IMD-Pédiatrie)",
          "nomBatimentUpperCase": "SMD",
          "geographicAddress": "Rue Barthélemy-Menn 19",
          "geographicLocality": "1205 Genève",
          "descritptionBatiment": "Le bâtiment du SMD abrite la section de médecine dentaire de la Faculté de médecine."
        },
        {
          "nomBatiment": "L'Hôpital Cantonal",
          "nomBatimentUpperCase": "HOPITAL CANTONAL",
          "geographicAddress": "Rue Gabrielle-Perret-Gentil 4",
          "geographicLocality": "1206 Genève",
          "descritptionBatiment": "Le bâtiment de l'hôpital cantonal abrite la section médecine clinique de la Faculté de médecine."
        }
      ]
    },
    {
      "nomSite": "Dufour",
      "siteUpperCase": "DUFOUR",
      "batiment": [
        {
          "nomBatiment": "Uni Dufour",
          "nomBatimentUpperCase": "UNI DUFOUR",
          "geographicAddress": "Rue du Général-Dufour 24",
          "geographicLocality": "1204 Genève",
          "descritptionBatiment": "Le bâtiment de l'Uni Dufour abrite des auditoires, des salles de séminaire et cours, une cafétéria, le Rectorat et les services administratifs de l'UNIGE."
        },
        {
          "nomBatiment": "Le Conseil Général 20",
          "nomBatimentUpperCase": "CONSEIL GENERAL 20",
          "geographicAddress": "Rue du Conseil-Général 20",
          "geographicLocality": "1205 Genève",
          "descritptionBatiment": "Le bâtiment rue du Conseil Général 20 abrite l'UNITEC."
        },
        {
          "nomBatiment": "Le Conseil Général 10",
          "nomBatimentUpperCase": "CONSEIL GENERAL 10",
          "geographicAddress": "Rue du Conseil-Général 10",
          "geographicLocality": "1204 Genève",
          "descritptionBatiment": "Le bâtiment rue du Conseil Général 10 abrite le Pôle de Soutien à l'Enseignement et l'Apprentissage."
        }
      ]
    },
    {
      "nomSite": "Mail",
      "siteUpperCase": "MAIL",
      "batiment": [
        {
          "nomBatiment": "Uni Mail",
          "nomBatimentUpperCase": "UNI MAIL",
          "geographicAddress": "Bd du Pont d'Arve 40",
          "geographicLocality": "1205 Genève",
          "descritptionBatiment": "Le bâtiment de d'Uni Mail abrite les Facultés d'économie et management, des sciences de la société, de droit, de traduction et d'interprétation, de psychologie et sciences de l'éducation."
        },
        {
          "nomBatiment": "Uni Pignon",
          "nomBatimentUpperCase": "UNI PIGNON",
          "geographicAddress": "Bd du Pont d'Arve 42",
          "geographicLocality": "1205 Genève",
          "descritptionBatiment": "Le bâtiment de l'Uni Pignon abrite le GUFRI (Geneva Uni Finance R. Institute) et la Faculté de psychologie et des sciences de l'éducation."
        },
        {
          "nomBatiment": "Le Pavillon de Mail",
          "nomBatimentUpperCase": "PAVILLON MAIL",
          "geographicAddress": "Bd du Pont d'Arve 40A",
          "geographicLocality": "1205 Genève",
          "descritptionBatiment": "Le bâtiment du pavillon de Mail abrite l'Institut universitaire de formation des enseignants."
        },
        {
          "nomBatiment": "Baud-Bovy",
          "nomBatimentUpperCase": "BAUD-BOVY",
          "geographicAddress": "Passage Daniel-Baud-Bovy 10-12",
          "geographicLocality": "1205 Genève",
          "descritptionBatiment": "Le bâtiment Baud-Bovy abrite le Centre universitaire d'informatique et service des relations internationales."
        },
        {
          "nomBatiment": "Pont d'Arve 28",
          "nomBatimentUpperCase": "PONT D'ARVE 28",
          "geographicAddress": "Bd du Pont d'Arve 28",
          "geographicLocality": "1205 Genève",
          "descritptionBatiment": "Le bâtiment Pont d'Arve 28 abrite des services de l'administration."
        },
        {
          "nomBatiment": "Les Battoirs",
          "nomBatimentUpperCase": "BATTOIRS",
          "geographicAddress": "Rue des Battoirs 7",
          "geographicLocality": "1205 Genève",
          "descritptionBatiment": "Le bâtiment des Battoirs abrite la Division bâtiments, logistique et sécurité."
        }
      ]
    },
    {
      "nomSite": "Sauverny",
      "siteUpperCase": "SAUVERNY",
      "batiment": [
        {
          "nomBatiment": "L'Ecogia Château",
          "nomBatimentUpperCase": "ECOGIA CHATEAU",
          "geographicAddress": "Chemin d'Ecogia 16",
          "geographicLocality": "1290 Versoix",
          "descritptionBatiment": "Le bâtiment du Château d'Ecogia abrite le Département d'astronomie de la Faculté des sciences."
        },
        {
          "nomBatiment": "L'Observatoire de Sauverny",
          "nomBatimentUpperCase": "OBSERVATOIRE DE SAUVERNY",
          "geographicAddress": "Ch. des Maillettes 51",
          "geographicLocality": "1290 Versoix",
          "descritptionBatiment": "Le bâtiment de l'Observatoire de Sauverny abrite le Département d'astronomie de la Faculté des sciences."
        },
        {
          "nomBatiment": "L'Ecogia I.S.D.C Pavillon",
          "nomBatimentUpperCase": "ECOGIA Pavillon",
          "geographicAddress": "Chemin d'Ecogia 16",
          "geographicLocality": "1290 Versoix",
          "descritptionBatiment": "Le Pavillon d'Ecogia abrite le Département d'astronomie de la Faculté des sciences."
        },
        {
          "nomBatiment": "L'Ecogia I.S.D.C Hangar",
          "nomBatimentUpperCase": "ECOGIA HANGAR",
          "geographicAddress": "Chemin d'Ecogia 16",
          "geographicLocality": "1290 Versoix",
          "descritptionBatiment": "Le bâtiment du Hangar d'Ecogia abrite le Département d'astronomie de la Faculté des sciences."
        }
      ]
    },
    {
      "nomSite": "Science",
      "siteUpperCase": "SCIENCE",
      "batiment": [
        {
          "nomBatiment": "Uni Carl Vogt",
          "nomBatimentUpperCase": "CARL VOGT",
          "geographicAddress": "Boulevard Carl-Vogt 66",
          "geographicLocality": "1205 Genève",
          "descritptionBatiment": "La bâtiment Carl Vogt est dédié à l’environnement, au territoire et à la durabilité. Il abrite des groupes de recherche rattachés aux Facultés des sciences, des sciences de la société, d’économie et de management, de droit et de médecine."
        },
        {
          "nomBatiment": "Sciences II",
          "nomBatimentUpperCase": "SCIENCES 2",
          "geographicAddress": "Quai Ernest-Ansermet 30",
          "geographicLocality": "1205 Genève",
          "descritptionBatiment": "Le bâtiment des Sciences II abrite les sections de physique, de chimie, de sciences de la terre, de biologie, de sciences pharmaceutiques de la Faculté des sciences. Une cafétéria est à votre disposition."
        },
        {
          "nomBatiment": "Sciences III",
          "nomBatimentUpperCase": "SCIENCES 3",
          "geographicAddress": "Bd d'Yvoy 4",
          "geographicLocality": "1205 Genève",
          "descritptionBatiment": "Le bâtiment des Sciences III abrite la section de biologie de la Faculté des sciences."
        },
        {
          "nomBatiment": "Sciences I",
          "nomBatimentUpperCase": "SCIENCES 1",
          "geographicAddress": "Bd d'Yvoy 16",
          "geographicLocality": "1205 Genève",
          "descritptionBatiment": "Le bâtiment des Sciences I abrite la section de physique et la section de chimie de la Faculté des sciences."
        },
        {
          "nomBatiment": "L'Ecole de Physique",
          "nomBatimentUpperCase": "ECOLE DE PHYSIQUE",
          "geographicAddress": "Quai Ernest-Ansermet 24",
          "geographicLocality": "1205 Genève",
          "descritptionBatiment": "Le bâtiment de l'Ecole de physique abrite la section de physique de la Faculté des sciences."
        },
        {
          "nomBatiment": "Le Pavillon Ansermet",
          "nomBatimentUpperCase": "PAVILLON ANSERMET",
          "geographicAddress": "Quai Ernest Ansermet 26",
          "geographicLocality": "1205 Genève",
          "descritptionBatiment": "Le bâtiment du pavillon Ansermet abrite la section de sciences pharmaceutiques de la Faculté des sciences."
        },
        {
          "nomBatiment": "Le Pavillon des Isotopes",
          "nomBatimentUpperCase": "PAVILLON DES ISOTOPES",
          "geographicAddress": "Bd d'Yvoy 20",
          "geographicLocality": "1205 Genève",
          "descritptionBatiment": "Le bâtiment Pavillon isotopes abrite la section de chimie, la section de biologie, la section sciences pharmaceutiques de la Faculté des sciences."
        },
        {
          "nomBatiment": "La Datcha",
          "nomBatimentUpperCase": "DATCHA",
          "geographicAddress": "Bd d'Yvoy 18",
          "geographicLocality": "1205 Genève",
          "descritptionBatiment": "La Datcha et un bâtiment pour étudiants et restaurants autogérés. Il abrite la section de physique de la Faculté des sciences."
        },
        {
          "nomBatiment": "Le Réacteur",
          "nomBatimentUpperCase": "REACTEUR",
          "geographicAddress": "Bd d'Yvoy 18",
          "geographicLocality": "1205 Genève",
          "descritptionBatiment": "Le bâtiment du Réacteur abrite la section de physique de la Faculté des sciences."
        },
        {
          "nomBatiment": "Les Maraîchers",
          "nomBatimentUpperCase": "MARAICHERS",
          "geographicAddress": "Rue des Maraîchers 13 à 13 bis",
          "geographicLocality": "1205 Genève",
          "descritptionBatiment": "Le bâtiment des Maraîchers abrite la section sciences de la terre de la Faculté des sciences."
        },
        {
          "nomBatiment": "La S.I.P",
          "nomBatimentUpperCase": "SIP",
          "geographicAddress": "Rue Gourgas 5",
          "geographicLocality": "1205 Genève",
          "descritptionBatiment": "Le bâtiment de la S.I.P. abrite la section de physique de la Faculté des sciences."
        },
        {
          "nomBatiment": "L'Ancienne Ecole de Médecine",
          "nomBatimentUpperCase": "ANCIENNE ECOLE DE MEDECINE",
          "geographicAddress": "Rue de l'Ecole-De-Médecine 20",
          "geographicLocality": "1205 Genève",
          "descritptionBatiment": "Le bâtiment de l'ancienne école de médecine abrite la section de physique de la Faculté des sciences."
        }
      ]
    }
  ]
}